start,end
2024-02-25T15:00:00,2024-02-25T21:00:00
2024-02-29T15:15:00,2024-02-29T22:30:00
2024-02-28T15:15:00,2024-02-28T22:00:00
2024-02-27T16:15:00,2024-02-27T22:30:00
2024-02-26T16:15:00,2024-02-26T22:00:00
2024-02-25T15:00:00,2024-02-25T21:00:00
2024-02-25T09:15:00,2024-02-25T15:15:00
2024-02-23T12:45:00,2024-02-23T18:15:00
2024-02-19T16:15:00,2024-02-19T22:00:00
2024-02-18T15:00:00,2024-02-18T21:00:00
2024-02-18T09:15:00,2024-02-18T15:15:00
2024-02-15T15:15:00,2024-02-15T22:30:00
2024-02-13T16:15:00,2024-02-13T22:30:00
2024-02-11T15:00:00,2024-02-11T21:00:00
2024-02-08T15:15:00,2024-02-08T22:30:00
2024-02-14T15:15:00,2024-02-14T22:00:00
2024-02-04T15:00:00,2024-02-04T21:00:00
2024-02-04T09:15:00,2024-02-04T15:15:00
2024-02-01T15:15:00,2024-02-01T22:30:00
2024-02-23T18:00:00,2024-02-23T23:30:00
2024-02-03T09:15:00,2024-02-03T16:00:00
2024-02-10T09:15:00,2024-02-10T16:00:00
2024-02-10T15:45:00,2024-02-10T22:30:00
2024-02-17T15:45:00,2024-02-17T22:30:00
2024-02-24T09:15:00,2024-02-24T16:00:00
2024-02-22T15:15:00,2024-02-22T22:30:00
2024-02-27T16:15:00,2024-02-27T22:30:00
2024-02-20T16:15:00,2024-02-20T22:30:00
2024-02-25T09:15:00,2024-02-25T15:15:00
2024-02-26T16:15:00,2024-02-26T22:00:00
2024-02-28T15:15:00,2024-02-28T22:00:00
2024-02-06T16:15:00,2024-02-06T21:00:00
2024-02-24T09:15:00,2024-02-24T16:00:00
2024-02-16T18:00:00,2024-02-16T23:30:00
2024-02-23T18:00:00,2024-02-23T23:30:00
2024-02-24T15:45:00,2024-02-24T22:30:00
2024-02-03T15:45:00,2024-02-03T22:30:00
2024-02-24T15:45:00,2024-02-24T22:30:00
2024-02-02T18:00:00,2024-02-02T23:30:00
2024-02-09T18:00:00,2024-02-09T23:30:00
2024-02-16T12:45:00,2024-02-16T18:15:00
2024-02-23T12:45:00,2024-02-23T18:15:00
2024-02-02T12:45:00,2024-02-02T18:15:00
2024-02-07T15:15:00,2024-02-07T22:00:00
2024-02-05T16:15:00,2024-02-05T22:00:00
2024-02-12T16:15:00,2024-02-12T22:00:00
2024-02-09T12:45:00,2024-02-09T18:15:00
2024-02-11T09:15:00,2024-02-11T15:15:00
2024-02-21T15:15:00,2024-02-21T22:00:00
